{"type": "metrics", "dataset": "train", "precision": 0.6949458483754513, "balanced_accuracy": 0.6421463096403048, "recall": 0.32592592592592595, "f1_score": 0.4437400950871632}
{"type": "metrics", "dataset": "test", "precision": 0.7012448132780082, "balanced_accuracy": 0.6569900022741646, "recall": 0.3546694648478489, "f1_score": 0.4710801393728223}
{"type": "cm_matrix", "dataset": "train", "true_0": {"predicted_0": 15561, "predicted_1": 676}, "true_1": {"predicted_0": 3185, "predicted_1": 1540}}
{"type": "cm_matrix", "dataset": "test", "true_0": {"predicted_0": 6790, "predicted_1": 288}, "true_1": {"predicted_0": 1230, "predicted_1": 676}}
